"tenure","mean_income_2015dollars","mean_income_2000dollars"
"Owner",277380.61118335,193309.301679389
"Renter",236477.609865319,164803.59398898
"Total",266959.864288564,186046.979714581
