"tenure","mean_income_2015dollars","mean_income_2000dollars"
"Owner",277380.61118335,193309.301679389
"Renter",237597.934906839,165584.359632642
"Total",267116.405402472,186156.074770954
