"hu_type","w_q1r","w_q1o","w_q2r","w_q2o","w_q3r","w_q3o","w_q4r","w_q4o","w_q1","w_q2","w_q3","w_q4","w_q1_q2","w_all"
"total",0.0147984858075281,0.441,0.26778411931034,0.258,0.191982346280934,0.194,0.11,0.121,0.168716795011615,0.262992737355727,0.193220028788289,0.118197557707456,0.207199028852126,0.175232176987578
