"hu_type","w_q1r","w_q1o","w_q2r","w_q2o","w_q3r","w_q3o","w_q4r","w_q4o","w_q1","w_q2","w_q3","w_q4","w_q1_q2","w_all"
"total",0.29,0.29,0.274959496656654,0.258,0.190643159183862,0.194,0.11,0.121,0.29,0.266654256116558,0.192702334709795,0.118197557707456,0.278867877683438,0.209350481239143
